u0,ce_cost,kh_dual_cost
-3.0,16.10005,110.70644805245341
-2.985,15.920574999999998,109.59140078701012
-2.97,15.742300000000004,108.4832231736572
-2.955,15.565075,107.38152457094134
-2.94,15.38905,106.28625419194441
-2.925,15.214074999999998,105.1973261049489
-2.91,15.040300000000002,104.11482076426724
-2.895,14.867574999999999,103.03809390792429
-2.88,14.69605,101.96715130010075
-2.865,14.525575000000002,100.90193376871348
-2.85,14.356300000000001,99.84242340200446
-2.835,14.188074999999998,98.78867453078954
-2.82,14.021049999999999,97.74064535789
-2.805,13.855075000000003,96.69834114686488
-2.79,13.6903,95.66166120983277
-2.775,13.526574999999998,94.6307469721058
-2.76,13.364049999999999,93.60558023264271
-2.745,13.202575000000001,92.58614762563582
-2.73,13.042300000000001,91.57249415685764
-2.715,12.883074999999998,90.56454319376795
-2.7,12.725050000000001,89.56238895040553
-2.685,12.568075,88.56592081900523
-2.67,12.412299999999998,87.57519567518736
-2.6550000000000002,12.257575000000001,86.59020220318548
-2.64,12.10405,85.6109310442716
-2.625,11.951575,84.63735475857588
-2.61,11.800299999999998,83.66949540202117
-2.595,11.650075000000001,82.7074184827822
-2.58,11.501050000000001,81.7510550453067
-2.565,11.353075,80.8004598050106
-2.55,11.206299999999999,79.85560644904653
-2.535,11.060575,78.91647668169205
-2.52,10.91605,77.9831245787829
-2.505,10.772575,77.05545664973317
-2.49,10.630300000000002,76.13355103333564
-2.475,10.489075,75.2172994133288
-2.46,10.349049999999998,74.30676478112159
-2.4450000000000003,10.210075000000003,73.40196694640278
-2.43,10.072300000000002,72.50291370477369
-2.415,9.935575,71.60963039364866
-2.4,9.800049999999999,70.72205858067298
-2.385,9.665574999999999,69.84026368956734
-2.37,9.532300000000001,68.96414172384344
-2.355,9.400075000000001,68.0937868787021
-2.34,9.269049999999998,67.22917937849942
-2.325,9.139075000000002,66.3702780668818
-2.31,9.0103,65.5170913239274
-2.295,8.882575,64.66955435043502
-2.2800000000000002,8.756050000000002,63.82780903607053
-2.265,8.630575,62.99177536681609
-2.25,8.5063,62.16151165917782
-2.235,8.383074999999998,61.33699321477918
-2.2199999999999998,8.261049999999997,60.518211174982476
-2.205,8.140075,59.705208115082385
-2.19,8.020299999999999,58.89790780998362
-2.175,7.9015749999999985,58.09639432746905
-2.16,7.784050000000001,57.300601806798
-2.145,7.667575,56.5104795734714
-2.13,7.552299999999999,55.726056510856054
-2.115,7.438075000000001,54.94736087529584
-2.1,7.32505,54.174444052585656
-2.085,7.213075,53.40721185645638
-2.0700000000000003,7.102300000000002,52.64576930440438
-2.055,6.992575000000001,51.89005042398206
-2.04,6.88405,51.14008994412363
-2.025,6.776574999999999,50.395887484680586
-2.01,6.670299999999998,49.657409186327655
-1.995,6.565075,48.92471827405531
-1.98,6.46105,48.19766528088563
-1.965,6.358075,47.476313508638015
-1.95,6.2563,46.76065325584981
-1.935,6.155575000000001,46.05073083189756
-1.92,6.05605,45.34657828456114
-1.905,5.957575,44.64813824844041
-1.8900000000000001,5.860300000000001,43.955489077910094
-1.875,5.764075,43.26854586903882
-1.86,5.66905,42.58737946949449
-1.845,5.575075,41.911954188647115
-1.83,5.4823,41.24227074407678
-1.815,5.390575,40.578292945928695
-1.8,5.300050000000001,39.91998869861636
-1.7850000000000001,5.210575,39.26742842798839
-1.77,5.1223,38.62059161075794
-1.7550000000000001,5.035075000000001,37.9795142301579
-1.74,4.94905,37.344197186000436
-1.725,4.864075000000001,36.71460285376101
-1.71,4.7802999999999995,36.09080230034579
-1.695,4.6975750000000005,35.472683910381036
-1.6800000000000002,4.616050000000001,34.860350279496174
-1.665,4.535575000000001,34.253734602264856
-1.6500000000000001,4.456300000000001,33.652788868660764
-1.635,4.378075,33.05759193211567
-1.62,4.301050000000001,32.46809591077768
-1.605,4.225075,31.884350005646173
-1.59,4.1503000000000005,31.3063286934008
-1.575,4.076575,30.73406664106871
-1.56,4.00405,30.167568836939402
-1.5450000000000002,3.932575000000001,29.606790921899933
-1.53,3.8623000000000003,29.051771116523074
-1.5150000000000001,3.7930750000000004,28.502430062345667
-1.5,3.72505,27.958888076420706
-1.485,3.6580750000000006,27.420981533353554
-1.47,3.5923,26.88882733592397
-1.455,3.5275750000000006,26.36243407086078
-1.44,3.46405,25.84173607525385
-1.425,3.4015750000000002,25.32679008933248
-1.4100000000000001,3.3403000000000005,24.81758943901858
-1.395,3.280075,24.314129220094504
-1.3800000000000001,3.2210500000000004,23.81645842722712
-1.365,3.163075,23.32448452635979
-1.35,3.1063000000000005,22.838326305609893
-1.335,3.050575,22.357851381476692
-1.32,2.99605,21.883082747252555
-1.3050000000000002,2.9425750000000006,21.414043835842886
-1.29,2.8903000000000003,20.950766827218548
-1.2750000000000001,2.8390750000000002,20.493246955571127
-1.26,2.78905,20.04143167901568
-1.245,2.7400750000000005,19.595333632751306
-1.23,2.6923000000000004,19.155034014848894
-1.215,2.6455750000000005,18.720425789976055
-1.2000000000000002,2.6000500000000004,18.291656054368932
-1.185,2.555575,17.868550392738285
-1.1700000000000002,2.5123000000000006,17.451261710750007
-1.155,2.470075,17.03959791801506
-1.1400000000000001,2.42905,16.633727473408506
-1.125,2.389075,16.233556306476387
-1.11,2.3503,15.83914484326175
-1.095,2.312575,15.450446980937873
-1.08,2.27605,15.067531585927998
-1.0650000000000002,2.240575,14.690296057178143
-1.05,2.2063,14.318900503736284
-1.0350000000000001,2.1730750000000003,13.953203013636914
-1.02,2.14105,13.593306716809364
-1.0050000000000001,2.110075,13.239140830813394
-0.9900000000000002,2.0803000000000003,12.890641264315235
-0.9750000000000001,2.051575,12.547910948052445
-0.96,2.02405,12.210957931950755
-0.9450000000000003,1.9975750000000005,11.879748404674626
-0.9300000000000002,1.9723000000000004,11.554337077220708
-0.915,1.9480750000000002,11.234659663742448
-0.8999999999999999,1.92505,10.920712194678748
-0.8850000000000002,1.9030750000000003,10.612596271230354
-0.8700000000000001,1.8823000000000003,10.310153883570798
-0.855,1.8625749999999999,10.01356013024687
-0.8399999999999999,1.8440499999999997,9.722645797191012
-0.8250000000000002,1.826575,9.437486990546693
-0.81,1.8103,9.15809185375125
-0.7949999999999999,1.795075,8.88453445708444
-0.7800000000000002,1.7810500000000002,8.616705968202155
-0.7650000000000001,1.7680750000000003,8.354700820929564
-0.75,1.7563,8.098510536536862
-0.7349999999999999,1.745575,7.847965206495331
-0.7200000000000002,1.73605,7.603278714970031
-0.7050000000000001,1.727575,7.364365567490352
-0.69,1.7203,7.131249931030778
-0.6750000000000003,1.7140750000000002,6.903854957377318
-0.6600000000000001,1.70905,6.682315055608148
-0.645,1.7050750000000001,6.466612699420458
-0.6299999999999999,1.7023,6.256687643999925
-0.6150000000000002,1.7005750000000002,6.052664238798155
-0.6000000000000001,1.70005,5.854482766600664
-0.585,1.7005750000000002,5.662149074485222
-0.5700000000000003,1.7023000000000001,5.475693457958183
-0.5550000000000002,1.705075,5.2950296472060945
-0.54,1.70905,5.120273906370174
-0.5249999999999999,1.7140749999999998,4.951386396779267
-0.5100000000000002,1.7203,4.788354658887035
-0.4950000000000001,1.7275749999999999,4.631286067276511
-0.48,1.73605,4.480213648259134
-0.4650000000000003,1.7455749999999999,4.335097409719843
-0.4500000000000002,1.7563,4.195971968270721
-0.43500000000000005,1.7680749999999998,4.062908335480683
-0.41999999999999993,1.78105,3.9358977853445554
-0.40500000000000025,1.7950749999999998,3.8149175041360457
-0.3900000000000001,1.8103,3.700011100263186
-0.375,1.826575,3.5912602109831475
-0.3600000000000003,1.8440499999999995,3.4887282456001074
-0.3450000000000002,1.8625749999999996,3.3925336377440383
-0.33000000000000007,1.8822999999999999,3.302753427869529
-0.31499999999999995,1.9030749999999999,3.2194199476840994
-0.30000000000000027,1.9250499999999995,3.142566294417981
-0.28500000000000014,1.9480749999999998,3.0723152660968567
-0.27,1.9723,3.008788838614209
-0.2549999999999999,1.9975750000000003,2.9522646215094666
-0.2400000000000002,2.0240499999999995,2.902831783447443
-0.2250000000000001,2.0515749999999997,2.860472532350874
-0.20999999999999996,2.0803000000000003,2.8255180480627526
-0.19500000000000028,2.1100749999999993,2.7983283773321457
-0.18000000000000016,2.14105,2.7791488483159643
-0.16500000000000004,2.173075,2.768301503960564
-0.1499999999999999,2.2063,2.766521054999557
-0.13500000000000023,2.2405749999999998,2.7743817310180425
-0.1200000000000001,2.2760499999999997,2.792293358408179
-0.10499999999999998,2.3125750000000003,2.8211100345642146
-0.0900000000000003,2.350299999999999,2.8618358843305267
-0.07500000000000018,2.389074999999999,2.914965747712241
-0.06000000000000005,2.42905,2.979633202441166
-0.04499999999999993,2.470075,3.0526878520406315
-0.03000000000000025,2.5122999999999998,3.1254928784190326
-0.015000000000000124,2.5555749999999997,3.1822600833456303
0.0,2.60005,3.208607957718321
0.01499999999999968,2.645574999999999,3.211037879495092
0.029999999999999805,2.6922999999999995,3.2059150580810494
0.04499999999999993,2.740075,3.2032161172692772
0.06000000000000005,2.78905,3.2074847504449004
0.07499999999999973,2.8390749999999993,3.2207343921713845
0.08999999999999986,2.8903,3.243919573414553
0.10499999999999998,2.942575,3.2770301267312534
0.1200000000000001,2.9960500000000003,3.3197052678355465
0.1349999999999998,3.0505749999999994,3.3717960928042547
0.1499999999999999,3.1062999999999996,3.432430728357745
0.16500000000000004,3.1630750000000005,3.5018379700892717
0.17999999999999972,3.221049999999999,3.5789610041714655
0.19499999999999984,3.280074999999999,3.6641578591785917
0.20999999999999996,3.3403,3.756991665113855
0.2250000000000001,3.4015750000000007,3.8573281011569795
0.23999999999999977,3.464049999999999,3.964803395760001
0.2549999999999999,3.5275749999999992,4.079351163395181
0.27,3.5923,4.200741935229505
0.2849999999999997,3.6580749999999984,4.328803646468941
0.2999999999999998,3.725049999999999,4.463501020388659
0.31499999999999995,3.793075,4.604800085754508
0.33000000000000007,3.8623000000000003,4.752613974193104
0.34499999999999975,3.9325749999999986,4.906857906398477
0.3599999999999999,4.004049999999999,5.067432250872018
0.375,4.076575,5.234243761030718
0.3899999999999997,4.150299999999999,5.407289883199261
0.4049999999999998,4.225074999999999,5.586490387104767
0.41999999999999993,4.30105,5.771747950682484
0.43500000000000005,4.378075,5.9631281402599345
0.44999999999999973,4.456299999999999,6.16060486882316
0.46499999999999986,4.535574999999999,6.364104712351568
0.48,4.6160499999999995,6.5735596605655005
0.49499999999999966,4.697574999999999,6.788987393986851
0.5099999999999998,4.780299999999999,7.010355539268329
0.5249999999999999,4.864075,7.237621624883277
0.54,4.94905,7.470799434998961
0.5549999999999997,5.035074999999999,7.7098600463374405
0.5699999999999998,5.122299999999999,7.954885187953185
0.585,5.2105749999999995,8.2057267224735
0.5999999999999996,5.300049999999997,8.462474197202257
0.6149999999999998,5.390574999999998,8.72511257642676
0.6299999999999999,5.4822999999999995,8.99355823813512
0.645,5.575075000000001,9.267827749748045
0.6599999999999997,5.669049999999999,9.547941144900127
0.6749999999999998,5.764074999999999,9.833930597841487
0.69,5.860299999999999,10.125653600507414
0.7050000000000001,5.957575,10.423216557249493
0.7199999999999998,6.056049999999998,10.72652806676729
0.7349999999999999,6.155574999999999,11.035664376668437
0.75,6.2563,11.350602456750629
0.7649999999999997,6.358074999999998,11.67133939866646
0.7799999999999998,6.461049999999998,11.997826107595834
0.7949999999999999,6.565074999999999,12.330139443199533
0.81,6.670300000000001,12.668156886512023
0.8249999999999997,6.776574999999999,13.012030117805496
0.8399999999999999,6.8840499999999984,13.361667638895605
0.855,6.9925749999999995,13.717089695000865
0.8699999999999997,7.102299999999998,14.078303582054987
0.8849999999999998,7.213074999999999,14.445192216809776
0.8999999999999999,7.325049999999999,14.817838145695461
0.915,7.438075,15.196236029135498
0.9299999999999997,7.552299999999998,15.580427397431482
0.9449999999999998,7.667574999999999,15.970383085822943
0.96,7.78405,16.36606357863906
0.9749999999999996,7.901574999999998,16.767514431061713
0.9899999999999998,8.020299999999999,17.17474087581465
1.005,8.140075,17.58771825219892
1.0199999999999996,8.261049999999997,18.006491699032782
1.0350000000000001,8.383075000000002,18.430996166242416
1.0499999999999998,8.5063,18.86129200871801
1.0649999999999995,8.630574999999997,19.297269222450076
1.08,8.756050000000002,19.739006957277336
1.0949999999999998,8.882575,20.18646622221401
1.1099999999999994,9.010299999999996,20.6397073466409
1.125,9.139075,21.098670537761155
1.1399999999999997,9.269049999999996,21.563357153145358
1.1550000000000002,9.400075000000001,22.03384013933762
1.17,9.5323,22.510046264214324
1.1849999999999996,9.665574999999997,22.992049498634117
1.2000000000000002,9.800050000000002,23.47977765176777
1.2149999999999999,9.935574999999998,23.973298220393517
1.2299999999999995,10.072299999999997,24.472543121929593
1.245,10.210075000000002,24.977482536366256
1.2599999999999998,10.349049999999998,25.48813947034979
1.2749999999999995,10.489074999999996,26.004519381753347
1.29,10.630300000000002,26.526636962482193
1.3049999999999997,10.772574999999996,27.054481208562756
1.3200000000000003,10.916050000000002,27.588075110960595
1.335,11.060575,28.127434240645503
1.3499999999999996,11.206299999999995,28.672534837898613
1.3650000000000002,11.353075000000004,29.22340544749133
1.38,11.50105,29.779992424847556
1.3949999999999996,11.650074999999996,30.34236153989032
1.4100000000000001,11.8003,30.91038452906328
1.4249999999999998,11.951574999999998,31.484147565378315
1.4399999999999995,12.104049999999996,32.06367247038128
1.455,12.257575000000001,32.64890602712037
1.4699999999999998,12.412299999999998,33.23990560217695
1.4849999999999994,12.568074999999995,33.83657617305971
1.5,12.72505,34.43908908532167
1.5149999999999997,12.883074999999996,35.047253365022044
1.5300000000000002,13.042300000000003,35.661262050615235
1.545,13.202575,36.280942940598486
1.5599999999999996,13.364049999999995,36.90643729123782
1.5750000000000002,13.526575000000001,37.53758665875676
1.5899999999999999,13.690299999999997,38.17447130722686
1.6049999999999995,13.855074999999996,38.81710715192699
1.62,14.021050000000002,39.46547657984056
1.6349999999999998,14.188074999999998,40.119618342849755
1.6499999999999995,14.356299999999994,40.77942942215987
1.665,14.525575,41.44502647517413
1.6799999999999997,14.696049999999996,42.11630246723194
1.6949999999999994,14.867574999999993,42.7933418796715
1.71,15.0403,43.476128646755065
1.7249999999999996,15.214074999999996,44.16466066686838
1.7400000000000002,15.389050000000003,44.858913234126305
1.755,15.565074999999998,45.558841901467986
1.7699999999999996,15.742299999999993,46.26453352931939
1.7850000000000001,15.920575000000001,46.975979257551
1.7999999999999998,16.100049999999996,47.693154024389656
1.8149999999999995,16.280574999999992,48.41609401776872
1.83,16.462300000000003,49.14470229873971
1.8449999999999998,16.645075,49.8791389143624
1.8599999999999994,16.829049999999995,50.619229685583164
1.875,17.014075,51.365156065388625
1.8899999999999997,17.2003,52.116729616840566
1.9050000000000002,17.387575000000002,52.874095117016076
1.92,17.57605,53.63709047684765
1.9349999999999996,17.765574999999995,54.4058846662493
1.9500000000000002,17.9563,55.1803987573032
1.9649999999999999,18.148075,55.960675279445546
1.9799999999999995,18.341049999999996,56.746699814986286
1.995,18.535075000000003,57.538427213884006
2.01,18.730299999999996,58.3358906210718
2.0249999999999995,18.926574999999993,59.13912005163516
2.04,19.12405,59.94807134834552
2.0549999999999997,19.322574999999997,60.7628127645107
2.0699999999999994,19.52229999999999,61.583209521435506
2.085,19.723075,62.409363687518635
2.0999999999999996,19.92504999999999,63.241147107091734
2.115,20.128075000000003,64.07872796764008
2.13,20.332299999999996,64.92200547164319
2.1449999999999996,20.537574999999997,65.77105658426765
2.16,20.74405,66.62584912167287
2.175,20.951575,67.48633276986023
2.1899999999999995,21.160299999999992,68.35259463677545
2.205,21.370075,69.22455834503768
2.2199999999999998,21.581049999999994,70.10231067435552
2.2349999999999994,21.793074999999995,70.98573745568498
2.25,22.006300000000003,71.87487993130748
2.2649999999999997,22.220574999999997,72.76976199367314
2.2799999999999994,22.43604999999999,73.67039044269143
2.295,22.652575,74.57678419042328
2.3099999999999996,22.870299999999993,75.48889250424132
2.325,23.089075,76.4067663764502
2.34,23.30905,77.33035324920331
2.3549999999999995,23.530074999999993,78.25965943060308
2.37,23.7523,79.19472546456707
2.385,23.975574999999996,80.13551308758677
2.3999999999999995,24.200049999999994,81.08205323169892
2.415,24.425575000000002,82.034226084031
2.4299999999999997,24.652299999999993,82.99221803769672
2.4449999999999994,24.88007499999999,83.95588100828385
2.46,25.109050000000003,84.92535795658382
2.4749999999999996,25.339074999999994,85.90053247696281
2.49,25.570300000000003,86.88149428806878
2.505,25.802574999999997,87.8681803393689
2.5199999999999996,26.036049999999992,88.86058145839698
2.535,26.270575,89.85867813996704
2.55,26.506299999999996,90.86251261349895
2.5649999999999995,26.743074999999994,91.87204600033228
2.58,26.981050000000003,92.88729896628789
2.5949999999999998,27.220074999999998,93.90826190024926
2.6099999999999994,27.46029999999999,94.93502952186786
2.625,27.701575000000002,95.96747368682071
2.6399999999999997,27.944049999999997,97.00575586356072
2.6549999999999994,28.187574999999992,98.04968124462717
2.67,28.432299999999998,99.09945206507763
2.6849999999999996,28.678074999999993,100.15488445572366
2.7,28.925050000000006,101.21610705398403
2.715,29.173074999999997,102.28300147998743
2.7299999999999995,29.422299999999993,103.35564069506219
2.745,29.672575000000002,104.43395164120405
2.76,29.924049999999998,105.51801731447502
2.7749999999999995,30.176574999999993,106.60780731241456
2.79,30.430300000000003,107.7033650230486
2.8049999999999997,30.685074999999994,108.8046388547762
2.8199999999999994,30.94104999999999,109.91170800486795
2.835,31.198075,111.02446559409339
2.8499999999999996,31.456299999999995,112.14304617467663
2.865,31.715575,113.26728744771125
2.88,31.97605,114.39732567247748
2.8949999999999996,32.23757499999999,115.53295898548711
2.91,32.5003,116.67437054739167
2.925,32.76407499999999,117.82151829486142
2.9399999999999995,33.02904999999999,118.97672727698573
2.955,33.295075,120.14012708275797
2.9699999999999998,33.56229999999999,121.31175878443561
2.9849999999999994,33.830574999999996,122.49161580766862
3.0,34.100049999999996,123.6800118068636
