environment,twin_gap,regime,seed,baseline,regime_config_kind,regime_sigma,regime_rho,regime_change_points,regime_variation_label,theta_path_min,theta_path_max,theta_path_range,theta_path_std,theta_path_n_unique,theta_path_n_changes,theta_path_first_change_step,theta_path_last_change_step,theta_path_values,total_cost,net_reward,task_cost,acc_task_reward,energy_cost,acc_energy_cost,switch_cost,nonsmooth_switch_cost,acc_switch_cost,failure_cost,acc_failure_cost,terminal_cost,violation_steps,failures,failure_events,mean_abs_action,frac_zero_action,action_changes,physical_transitions,observed_transitions,n_initial_calibration,initial_calibration_policy,observation_interval,oracle_regret
cartpole,no_gap,static,0,kh_dual_control,static,0.005,0.995,200;400,static,1.0,1.0,0.0,0.0,1,0,-1,-1,1;1;1;1;1;1;1;1;1;1;1;1;1;1;1;1;1;1;1;1;1;1;1;1;1;1;1;1;1;1;1;1;1;1;1;1;1;1;1;1;1;1;1;1;1;1;1;1;1;1,1.4272195373833847,-1.4272195373833847,1.3818310827484135,-1.3818310827484135,0.00013082263480444905,0.00013082263480444905,0.000735617197090839,0.0,0.000735617197090839,0.0,0.0,0.04452201480307589,0,0,0,0.03816063063906818,0.0,50,50,50,20,small_random,1,0.7599263970436111
cartpole,no_gap,static,0,arcari_dual_smpc,static,0.005,0.995,200;400,static,1.0,1.0,0.0,0.0,1,0,-1,-1,1;1;1;1;1;1;1;1;1;1;1;1;1;1;1;1;1;1;1;1;1;1;1;1;1;1;1;1;1;1;1;1;1;1;1;1;1;1;1;1;1;1;1;1;1;1;1;1;1;1,0.6305598984475187,-0.6305598984475187,0.5482958933224166,-0.5482958933224166,0.000995677403653297,0.000995677403653297,0.010368177574459557,0.0,0.010368177574459557,0.0,0.0,0.07090015014698904,0,0,0,0.05607995971270104,0.0,50,50,50,20,small_random,1,-0.03673324189225491
cartpole,no_gap,static,0,tv_gp_lcb,static,0.005,0.995,200;400,static,1.0,1.0,0.0,0.0,1,0,-1,-1,1;1;1;1;1;1;1;1;1;1;1;1;1;1;1;1;1;1;1;1;1;1;1;1;1;1;1;1;1;1;1;1;1;1;1;1;1;1;1;1;1;1;1;1;1;1;1;1;1;1,16.970709677203043,-16.970709677203043,11.332070136833257,-11.332070136833257,0.03333333333333333,0.03333333333333333,0.6811111111111112,0.0,0.6811111111111112,0.0,0.0,4.924195095925341,0,0,0,0.72,0.14,41,50,50,20,small_random,1,16.30341653686327
cartpole,no_gap,static,0,oracle_trend,static,0.005,0.995,200;400,static,1.0,1.0,0.0,0.0,1,0,-1,-1,1;1;1;1;1;1;1;1;1;1;1;1;1;1;1;1;1;1;1;1;1;1;1;1;1;1;1;1;1;1;1;1;1;1;1;1;1;1;1;1;1;1;1;1;1;1;1;1;1;1,0.6672931403397736,-0.6672931403397736,0.5841105947055433,-0.5841105947055433,0.0014444444444444442,0.0014444444444444442,0.017777777777777774,0.0,0.017777777777777774,0.0,0.0,0.06396032341200798,0,0,0,0.06,0.86,10,50,50,0,small_random,1,0.0
cartpole,no_gap,static,1,kh_dual_control,static,0.005,0.995,200;400,static,1.0,1.0,0.0,0.0,1,0,-1,-1,1;1;1;1;1;1;1;1;1;1;1;1;1;1;1;1;1;1;1;1;1;1;1;1;1;1;1;1;1;1;1;1;1;1;1;1;1;1;1;1;1;1;1;1;1;1;1;1;1;1,1.0366158526906035,-1.0366158526906035,0.8929505264523891,-0.8929505264523891,0.0001590235906722817,0.0001590235906722817,0.001531355318970523,0.0,0.001531355318970523,0.0,0.0,0.14197494732857185,0,0,0,0.04060055874622877,0.0,50,50,50,20,small_random,1,0.1050752109906794
cartpole,no_gap,static,1,arcari_dual_smpc,static,0.005,0.995,200;400,static,1.0,1.0,0.0,0.0,1,0,-1,-1,1;1;1;1;1;1;1;1;1;1;1;1;1;1;1;1;1;1;1;1;1;1;1;1;1;1;1;1;1;1;1;1;1;1;1;1;1;1;1;1;1;1;1;1;1;1;1;1;1;1,0.9346785793090407,-0.9346785793090407,0.7039624091663971,-0.7039624091663971,0.0009743595541805367,0.0009743595541805367,0.010637343168113962,0.0,0.010637343168113962,0.0,0.0,0.2191044674203494,0,0,0,0.056884675797498216,0.0,50,50,50,20,small_random,1,0.0031379376091166256
cartpole,no_gap,static,1,tv_gp_lcb,static,0.005,0.995,200;400,static,1.0,1.0,0.0,0.0,1,0,-1,-1,1;1;1;1;1;1;1;1;1;1;1;1;1;1;1;1;1;1;1;1;1;1;1;1;1;1;1;1;1;1;1;1;1;1;1;1;1;1;1;1;1;1;1;1;1;1;1;1;1;1,329.6151807464573,-329.6151807464573,22.097946548394887,-22.097946548394887,0.036444444444444446,0.036444444444444446,0.7433333333333334,0.0,0.7433333333333334,300.0,300.0,6.737456420284621,3,3,1,0.7733333333333334,0.12,39,50,50,20,small_random,1,328.6836401047574
cartpole,no_gap,static,1,oracle_trend,static,0.005,0.995,200;400,static,1.0,1.0,0.0,0.0,1,0,-1,-1,1;1;1;1;1;1;1;1;1;1;1;1;1;1;1;1;1;1;1;1;1;1;1;1;1;1;1;1;1;1;1;1;1;1;1;1;1;1;1;1;1;1;1;1;1;1;1;1;1;1,0.9315406416999241,-0.9315406416999241,0.7046639930248928,-0.7046639930248928,0.001222222222222222,0.001222222222222222,0.013333333333333332,0.0,0.013333333333333332,0.0,0.0,0.21232109311947547,0,0,0,0.04666666666666666,0.9,6,50,50,0,small_random,1,0.0
cartpole,no_gap,piecewise,0,kh_dual_control,fixed_jumps,0.005,0.995,17;33,piecewise,0.65,1.25,0.6,0.2443788043182141,3,2,17,33,1;1;1;1;1;1;1;1;1;1;1;1;1;1;1;1;1;0.65;0.65;0.65;0.65;0.65;0.65;0.65;0.65;0.65;0.65;0.65;0.65;0.65;0.65;0.65;0.65;1.25;1.25;1.25;1.25;1.25;1.25;1.25;1.25;1.25;1.25;1.25;1.25;1.25;1.25;1.25;1.25;1.25,1.4799322364472596,-1.4799322364472596,1.4429325105532382,-1.4429325105532382,0.00016879890391819936,0.00016879890391819936,0.000956405155359153,0.0,0.000956405155359153,0.0,0.0,0.03587452183474306,0,0,0,0.04566882471893738,0.0,50,50,50,20,small_random,1,0.8231495832325558
cartpole,no_gap,piecewise,0,arcari_dual_smpc,fixed_jumps,0.005,0.995,17;33,piecewise,0.65,1.25,0.6,0.2443788043182141,3,2,17,33,1;1;1;1;1;1;1;1;1;1;1;1;1;1;1;1;1;0.65;0.65;0.65;0.65;0.65;0.65;0.65;0.65;0.65;0.65;0.65;0.65;0.65;0.65;0.65;0.65;1.25;1.25;1.25;1.25;1.25;1.25;1.25;1.25;1.25;1.25;1.25;1.25;1.25;1.25;1.25;1.25;1.25,0.6310792330366604,-0.6310792330366604,0.5490034233550839,-0.5490034233550839,0.001007943552721591,0.001007943552721591,0.01056175563889062,0.0,0.01056175563889062,0.0,0.0,0.07050611048996414,0,0,0,0.05623221725124447,0.0,50,50,50,20,small_random,1,-0.02570342017804339
cartpole,no_gap,piecewise,0,tv_gp_lcb,fixed_jumps,0.005,0.995,17;33,piecewise,0.65,1.25,0.6,0.2443788043182141,3,2,17,33,1;1;1;1;1;1;1;1;1;1;1;1;1;1;1;1;1;0.65;0.65;0.65;0.65;0.65;0.65;0.65;0.65;0.65;0.65;0.65;0.65;0.65;0.65;0.65;0.65;1.25;1.25;1.25;1.25;1.25;1.25;1.25;1.25;1.25;1.25;1.25;1.25;1.25;1.25;1.25;1.25;1.25,8.2198686141287,-8.2198686141287,6.128412360946191,-6.128412360946191,0.035444444444444445,0.035444444444444445,0.7488888888888889,0.0,0.7488888888888889,0.0,0.0,1.3071229198491765,0,0,0,0.7533333333333334,0.14,40,50,50,20,small_random,1,7.563085960913996
cartpole,no_gap,piecewise,0,oracle_trend,fixed_jumps,0.005,0.995,17;33,piecewise,0.65,1.25,0.6,0.2443788043182141,3,2,17,33,1;1;1;1;1;1;1;1;1;1;1;1;1;1;1;1;1;0.65;0.65;0.65;0.65;0.65;0.65;0.65;0.65;0.65;0.65;0.65;0.65;0.65;0.65;0.65;0.65;1.25;1.25;1.25;1.25;1.25;1.25;1.25;1.25;1.25;1.25;1.25;1.25;1.25;1.25;1.25;1.25;1.25,0.6567826532147037,-0.6567826532147037,0.5776209002656942,-0.5776209002656942,0.0014444444444444442,0.0014444444444444442,0.016666666666666663,0.0,0.016666666666666663,0.0,0.0,0.06105064183789808,0,0,0,0.059999999999999984,0.86,9,50,50,0,small_random,1,0.0
cartpole,no_gap,piecewise,1,kh_dual_control,fixed_jumps,0.005,0.995,17;33,piecewise,0.65,1.25,0.6,0.2443788043182141,3,2,17,33,1;1;1;1;1;1;1;1;1;1;1;1;1;1;1;1;1;0.65;0.65;0.65;0.65;0.65;0.65;0.65;0.65;0.65;0.65;0.65;0.65;0.65;0.65;0.65;0.65;1.25;1.25;1.25;1.25;1.25;1.25;1.25;1.25;1.25;1.25;1.25;1.25;1.25;1.25;1.25;1.25;1.25,1.031261701636364,-1.031261701636364,0.8903066599498649,-0.8903066599498649,0.00021379133664441128,0.00021379133664441128,0.0032932541279159957,0.0,0.0032932541279159957,0.0,0.0,0.13744799622193912,0,0,0,0.046597453319817864,0.0,50,50,50,20,small_random,1,0.09972105993643998
cartpole,no_gap,piecewise,1,arcari_dual_smpc,fixed_jumps,0.005,0.995,17;33,piecewise,0.65,1.25,0.6,0.2443788043182141,3,2,17,33,1;1;1;1;1;1;1;1;1;1;1;1;1;1;1;1;1;0.65;0.65;0.65;0.65;0.65;0.65;0.65;0.65;0.65;0.65;0.65;0.65;0.65;0.65;0.65;0.65;1.25;1.25;1.25;1.25;1.25;1.25;1.25;1.25;1.25;1.25;1.25;1.25;1.25;1.25;1.25;1.25;1.25,0.9346887450339241,-0.9346887450339241,0.7035946502364376,-0.7035946502364376,0.0010063733008136772,0.0010063733008136772,0.011171319920919034,0.0,0.011171319920919034,0.0,0.0,0.21891640157575362,0,0,0,0.058091482867980666,0.0,50,50,50,20,small_random,1,0.003148103333999952
cartpole,no_gap,piecewise,1,tv_gp_lcb,fixed_jumps,0.005,0.995,17;33,piecewise,0.65,1.25,0.6,0.2443788043182141,3,2,17,33,1;1;1;1;1;1;1;1;1;1;1;1;1;1;1;1;1;0.65;0.65;0.65;0.65;0.65;0.65;0.65;0.65;0.65;0.65;0.65;0.65;0.65;0.65;0.65;0.65;1.25;1.25;1.25;1.25;1.25;1.25;1.25;1.25;1.25;1.25;1.25;1.25;1.25;1.25;1.25;1.25;1.25,639.1979896876143,-639.1979896876143,31.861022697437114,-31.861022697437114,0.03744444444444445,0.03744444444444445,0.7944444444444445,0.0,0.7944444444444445,600.0,600.0,6.505078101288287,6,6,1,0.7933333333333334,0.1,39,50,50,20,small_random,1,638.2664490459143
cartpole,no_gap,piecewise,1,oracle_trend,fixed_jumps,0.005,0.995,17;33,piecewise,0.65,1.25,0.6,0.2443788043182141,3,2,17,33,1;1;1;1;1;1;1;1;1;1;1;1;1;1;1;1;1;0.65;0.65;0.65;0.65;0.65;0.65;0.65;0.65;0.65;0.65;0.65;0.65;0.65;0.65;0.65;0.65;1.25;1.25;1.25;1.25;1.25;1.25;1.25;1.25;1.25;1.25;1.25;1.25;1.25;1.25;1.25;1.25;1.25,0.9315406416999241,-0.9315406416999241,0.7046639930248928,-0.7046639930248928,0.001222222222222222,0.001222222222222222,0.013333333333333332,0.0,0.013333333333333332,0.0,0.0,0.21232109311947547,0,0,0,0.04666666666666666,0.9,6,50,50,0,small_random,1,0.0
cartpole,no_gap,drifting,0,kh_dual_control,ou,0.02,0.995,200;400,nontrivial_ou_drift,0.8983338433867053,1.111221562693478,0.21288771930677275,0.05052827340220674,50,49,1,49,1;1.00251460442;0.999859934134;1.01266908747;1.01470374438;1.00391683819;1.0111291551;1.03715351023;1.05590936194;1.04155511041;1.01603890544;1.00349322166;1.00430227514;0.957780148272;0.953615414252;0.928929118236;0.91463912555;0.904180750265;0.898333843387;0.907074784897;0.928389678362;0.926177036711;0.953875420938;0.940802150364;0.948128341014;0.966457102942;0.968505063382;0.953792553078;0.935589082788;0.926756620861;0.931526740226;0.911676742854;0.907934847642;0.905210673206;0.916501531533;0.921212206326;0.928713599475;0.915993459289;0.913821219319;0.929931622624;0.960150587415;0.935168523836;0.965771156711;0.992859809403;1.00852173837;1.01376824229;1.00742094478;1.03654425373;1.07556669879;1.11122156269,1.0518026925812036,-1.0518026925812036,0.9647133022295585,-0.9647133022295585,0.00013352901944174616,0.00013352901944174616,0.0008080493249812131,0.0,0.0008080493249812131,0.0,0.0,0.08614781200722241,0,0,0,0.03557309316584106,0.0,50,50,50,20,small_random,1,0.1400232717025356
cartpole,no_gap,drifting,0,arcari_dual_smpc,ou,0.02,0.995,200;400,nontrivial_ou_drift,0.8983338433867053,1.111221562693478,0.21288771930677275,0.05052827340220674,50,49,1,49,1;1.00251460442;0.999859934134;1.01266908747;1.01470374438;1.00391683819;1.0111291551;1.03715351023;1.05590936194;1.04155511041;1.01603890544;1.00349322166;1.00430227514;0.957780148272;0.953615414252;0.928929118236;0.91463912555;0.904180750265;0.898333843387;0.907074784897;0.928389678362;0.926177036711;0.953875420938;0.940802150364;0.948128341014;0.966457102942;0.968505063382;0.953792553078;0.935589082788;0.926756620861;0.931526740226;0.911676742854;0.907934847642;0.905210673206;0.916501531533;0.921212206326;0.928713599475;0.915993459289;0.913821219319;0.929931622624;0.960150587415;0.935168523836;0.965771156711;0.992859809403;1.00852173837;1.01376824229;1.00742094478;1.03654425373;1.07556669879;1.11122156269,0.8792365888472325,-0.8792365888472325,0.6596109684804112,-0.6596109684804112,0.000984954266413714,0.000984954266413714,0.010212160694893328,0.0,0.010212160694893328,0.0,0.0,0.2084285054055144,0,0,0,0.05780145564212187,0.0,50,50,50,20,small_random,1,-0.03254283203143549
cartpole,no_gap,drifting,0,tv_gp_lcb,ou,0.02,0.995,200;400,nontrivial_ou_drift,0.8983338433867053,1.111221562693478,0.21288771930677275,0.05052827340220674,50,49,1,49,1;1.00251460442;0.999859934134;1.01266908747;1.01470374438;1.00391683819;1.0111291551;1.03715351023;1.05590936194;1.04155511041;1.01603890544;1.00349322166;1.00430227514;0.957780148272;0.953615414252;0.928929118236;0.91463912555;0.904180750265;0.898333843387;0.907074784897;0.928389678362;0.926177036711;0.953875420938;0.940802150364;0.948128341014;0.966457102942;0.968505063382;0.953792553078;0.935589082788;0.926756620861;0.931526740226;0.911676742854;0.907934847642;0.905210673206;0.916501531533;0.921212206326;0.928713599475;0.915993459289;0.913821219319;0.929931622624;0.960150587415;0.935168523836;0.965771156711;0.992859809403;1.00852173837;1.01376824229;1.00742094478;1.03654425373;1.07556669879;1.11122156269,2082.1115464021,-2082.1115464021,74.398551946835,-74.398551946835,0.037333333333333336,0.037333333333333336,0.69,0.0,0.69,2000.0,2000.0,6.9856611219316616,20,20,1,0.7733333333333333,0.16,38,50,50,20,small_random,1,2081.1997669812213
cartpole,no_gap,drifting,0,oracle_trend,ou,0.02,0.995,200;400,nontrivial_ou_drift,0.8983338433867053,1.111221562693478,0.21288771930677275,0.05052827340220674,50,49,1,49,1;1.00251460442;0.999859934134;1.01266908747;1.01470374438;1.00391683819;1.0111291551;1.03715351023;1.05590936194;1.04155511041;1.01603890544;1.00349322166;1.00430227514;0.957780148272;0.953615414252;0.928929118236;0.91463912555;0.904180750265;0.898333843387;0.907074784897;0.928389678362;0.926177036711;0.953875420938;0.940802150364;0.948128341014;0.966457102942;0.968505063382;0.953792553078;0.935589082788;0.926756620861;0.931526740226;0.911676742854;0.907934847642;0.905210673206;0.916501531533;0.921212206326;0.928713599475;0.915993459289;0.913821219319;0.929931622624;0.960150587415;0.935168523836;0.965771156711;0.992859809403;1.00852173837;1.01376824229;1.00742094478;1.03654425373;1.07556669879;1.11122156269,0.911779420878668,-0.911779420878668,0.6791744002862301,-0.6791744002862301,0.0015555555555555553,0.0015555555555555553,0.019999999999999997,0.0,0.019999999999999997,0.0,0.0,0.21104946503688218,0,0,0,0.06666666666666667,0.84,12,50,50,0,small_random,1,0.0
cartpole,no_gap,drifting,1,kh_dual_control,ou,0.02,0.995,200;400,nontrivial_ou_drift,0.9333453081832594,1.0550190716887387,0.1216737635054792,0.03571428069989954,50,49,1,49,1;1.00691168384;1.02330948829;1.02980168237;1.00358952933;1.02167869902;1.03049779697;1.01960624328;1.03113057414;1.0382663692;1.04395768728;1.04430634367;1.05501907169;1.04001489459;1.03655662116;1.0267314518;1.03857471879;1.03917628735;1.03313127089;1.01732744529;1.01209696325;1.01219932205;1.00662626733;1.03247441228;1.05244652652;0.997961044313;0.960190974172;0.95689457746;0.948666296341;0.95319582481;0.957776284306;1.00034417799;0.978102041842;0.97065943149;1.01166156648;1.02453731857;1.03767589943;1.0272073925;0.994109852118;0.997488597742;0.99968143651;0.975135988242;0.961595775065;0.960346922596;0.941650155521;0.939976505387;0.942186283409;0.943187076733;0.933345308183;0.945553543078,1.1147766377429023,-1.1147766377429023,0.9715299012241416,-0.9715299012241416,0.00026752315374864,0.00026752315374864,0.004420538564787681,0.0,0.004420538564787681,0.0,0.0,0.1385586748002241,0,0,0,0.049104196036560854,0.0,50,50,50,20,small_random,1,-0.01646884414251315
cartpole,no_gap,drifting,1,arcari_dual_smpc,ou,0.02,0.995,200;400,nontrivial_ou_drift,0.9333453081832594,1.0550190716887387,0.1216737635054792,0.03571428069989954,50,49,1,49,1;1.00691168384;1.02330948829;1.02980168237;1.00358952933;1.02167869902;1.03049779697;1.01960624328;1.03113057414;1.0382663692;1.04395768728;1.04430634367;1.05501907169;1.04001489459;1.03655662116;1.0267314518;1.03857471879;1.03917628735;1.03313127089;1.01732744529;1.01209696325;1.01219932205;1.00662626733;1.03247441228;1.05244652652;0.997961044313;0.960190974172;0.95689457746;0.948666296341;0.95319582481;0.957776284306;1.00034417799;0.978102041842;0.97065943149;1.01166156648;1.02453731857;1.03767589943;1.0272073925;0.994109852118;0.997488597742;0.99968143651;0.975135988242;0.961595775065;0.960346922596;0.941650155521;0.939976505387;0.942186283409;0.943187076733;0.933345308183;0.945553543078,1.0457323785973156,-1.0457323785973156,0.7668071932985795,-0.7668071932985795,0.0009926161512346138,0.0009926161512346138,0.009883844854375849,0.0,0.009883844854375849,0.0,0.0,0.2680487242931258,0,0,0,0.0585551052434841,0.0,50,50,50,20,small_random,1,-0.0855131032880998
cartpole,no_gap,drifting,1,tv_gp_lcb,ou,0.02,0.995,200;400,nontrivial_ou_drift,0.9333453081832594,1.0550190716887387,0.1216737635054792,0.03571428069989954,50,49,1,49,1;1.00691168384;1.02330948829;1.02980168237;1.00358952933;1.02167869902;1.03049779697;1.01960624328;1.03113057414;1.0382663692;1.04395768728;1.04430634367;1.05501907169;1.04001489459;1.03655662116;1.0267314518;1.03857471879;1.03917628735;1.03313127089;1.01732744529;1.01209696325;1.01219932205;1.00662626733;1.03247441228;1.05244652652;0.997961044313;0.960190974172;0.95689457746;0.948666296341;0.95319582481;0.957776284306;1.00034417799;0.978102041842;0.97065943149;1.01166156648;1.02453731857;1.03767589943;1.0272073925;0.994109852118;0.997488597742;0.99968143651;0.975135988242;0.961595775065;0.960346922596;0.941650155521;0.939976505387;0.942186283409;0.943187076733;0.933345308183;0.945553543078,20.05214671690716,-20.05214671690716,13.362671885697338,-13.362671885697338,0.03466666666666667,0.03466666666666667,0.7033333333333334,0.0,0.7033333333333334,0.0,0.0,5.951474831209821,0,0,0,0.7466666666666667,0.12,41,50,50,20,small_random,1,18.920901235021745
cartpole,no_gap,drifting,1,oracle_trend,ou,0.02,0.995,200;400,nontrivial_ou_drift,0.9333453081832594,1.0550190716887387,0.1216737635054792,0.03571428069989954,50,49,1,49,1;1.00691168384;1.02330948829;1.02980168237;1.00358952933;1.02167869902;1.03049779697;1.01960624328;1.03113057414;1.0382663692;1.04395768728;1.04430634367;1.05501907169;1.04001489459;1.03655662116;1.0267314518;1.03857471879;1.03917628735;1.03313127089;1.01732744529;1.01209696325;1.01219932205;1.00662626733;1.03247441228;1.05244652652;0.997961044313;0.960190974172;0.95689457746;0.948666296341;0.95319582481;0.957776284306;1.00034417799;0.978102041842;0.97065943149;1.01166156648;1.02453731857;1.03767589943;1.0272073925;0.994109852118;0.997488597742;0.99968143651;0.975135988242;0.961595775065;0.960346922596;0.941650155521;0.939976505387;0.942186283409;0.943187076733;0.933345308183;0.945553543078,1.1312454818854154,-1.1312454818854154,0.8118745919123581,-0.8118745919123581,0.0016666666666666668,0.0016666666666666668,0.02444444444444445,0.0,0.02444444444444445,0.0,0.0,0.29325977886194626,0,0,0,0.06,0.86,11,50,50,0,small_random,1,0.0
cartpole,gap,static,0,kh_dual_control,static,0.005,0.995,200;400,static,1.0,1.0,0.0,0.0,1,0,-1,-1,1;1;1;1;1;1;1;1;1;1;1;1;1;1;1;1;1;1;1;1;1;1;1;1;1;1;1;1;1;1;1;1;1;1;1;1;1;1;1;1;1;1;1;1;1;1;1;1;1;1,4.151014540315232,-4.151014540315232,3.872776458956749,-3.872776458956749,0.0019167063102185679,0.0019167063102185679,0.03747470045264823,0.0,0.03747470045264823,0.0,0.0,0.23884667459561623,0,0,0,0.11068644708496783,0.0,50,50,50,20,small_random,1,3.440913878173865
cartpole,gap,static,0,arcari_dual_smpc,static,0.005,0.995,200;400,static,1.0,1.0,0.0,0.0,1,0,-1,-1,1;1;1;1;1;1;1;1;1;1;1;1;1;1;1;1;1;1;1;1;1;1;1;1;1;1;1;1;1;1;1;1;1;1;1;1;1;1;1;1;1;1;1;1;1;1;1;1;1;1,0.666121752652949,-0.666121752652949,0.566578801035594,-0.566578801035594,0.0019884167355447282,0.0019884167355447282,0.014976107120949064,0.0,0.014976107120949064,0.0,0.0,0.08257842776086145,0,0,0,0.09316212004924897,0.0,50,50,50,20,small_random,1,-0.04397890948841776
cartpole,gap,static,0,tv_gp_lcb,static,0.005,0.995,200;400,static,1.0,1.0,0.0,0.0,1,0,-1,-1,1;1;1;1;1;1;1;1;1;1;1;1;1;1;1;1;1;1;1;1;1;1;1;1;1;1;1;1;1;1;1;1;1;1;1;1;1;1;1;1;1;1;1;1;1;1;1;1;1;1,2395.0342807501647,-2395.0342807501647,86.28233762684329,-86.28233762684329,0.04244444444444445,0.04244444444444445,0.8722222222222222,0.0,0.8722222222222222,2300.0,2300.0,7.8372764566549495,23,23,1,0.8666666666666666,0.08,34,50,50,20,small_random,1,2394.3241800880232
cartpole,gap,static,0,oracle_trend,static,0.005,0.995,200;400,static,1.0,1.0,0.0,0.0,1,0,-1,-1,1;1;1;1;1;1;1;1;1;1;1;1;1;1;1;1;1;1;1;1;1;1;1;1;1;1;1;1;1;1;1;1;1;1;1;1;1;1;1;1;1;1;1;1;1;1;1;1;1;1,0.7101006621413668,-0.7101006621413668,0.5871745449346244,-0.5871745449346244,0.004,0.004,0.03777777777777777,0.0,0.03777777777777777,0.0,0.0,0.0811483394289645,0,0,0,0.15999999999999998,0.62,20,50,50,0,small_random,1,0.0
cartpole,gap,static,1,kh_dual_control,static,0.005,0.995,200;400,static,1.0,1.0,0.0,0.0,1,0,-1,-1,1;1;1;1;1;1;1;1;1;1;1;1;1;1;1;1;1;1;1;1;1;1;1;1;1;1;1;1;1;1;1;1;1;1;1;1;1;1;1;1;1;1;1;1;1;1;1;1;1;1,1.0511305045054455,-1.0511305045054455,0.8984806981491303,-0.8984806981491303,0.00025862153608204795,0.00025862153608204795,0.0023074029119472747,0.0,0.0023074029119472747,0.0,0.0,0.15008378190828608,0,0,0,0.05409335869137968,0.0,50,50,50,20,small_random,1,0.0473168878233865
cartpole,gap,static,1,arcari_dual_smpc,static,0.005,0.995,200;400,static,1.0,1.0,0.0,0.0,1,0,-1,-1,1;1;1;1;1;1;1;1;1;1;1;1;1;1;1;1;1;1;1;1;1;1;1;1;1;1;1;1;1;1;1;1;1;1;1;1;1;1;1;1;1;1;1;1;1;1;1;1;1;1,1.0057613306679505,-1.0057613306679505,0.7500563389750385,-0.7500563389750385,0.001894289905155791,0.001894289905155791,0.014930962077621948,0.0,0.014930962077621948,0.0,0.0,0.23887973971013468,0,0,0,0.09301869632777475,0.0,50,50,50,20,small_random,1,0.0019477139858914416
cartpole,gap,static,1,tv_gp_lcb,static,0.005,0.995,200;400,static,1.0,1.0,0.0,0.0,1,0,-1,-1,1;1;1;1;1;1;1;1;1;1;1;1;1;1;1;1;1;1;1;1;1;1;1;1;1;1;1;1;1;1;1;1;1;1;1;1;1;1;1;1;1;1;1;1;1;1;1;1;1;1,1980.7538383856602,-1980.7538383856602,72.65198898623609,-72.65198898623609,0.03077777777777778,0.03077777777777778,0.5722222222222222,0.0,0.5722222222222222,1900.0,1900.0,7.498849399424201,19,19,1,0.7133333333333333,0.06,38,50,50,20,small_random,1,1979.7500247689782
cartpole,gap,static,1,oracle_trend,static,0.005,0.995,200;400,static,1.0,1.0,0.0,0.0,1,0,-1,-1,1;1;1;1;1;1;1;1;1;1;1;1;1;1;1;1;1;1;1;1;1;1;1;1;1;1;1;1;1;1;1;1;1;1;1;1;1;1;1;1;1;1;1;1;1;1;1;1;1;1,1.003813616682059,-1.003813616682059,0.7457449549425522,-0.7457449549425522,0.002111111111111111,0.002111111111111111,0.02222222222222222,0.0,0.02222222222222222,0.0,0.0,0.23373532840617323,0,0,0,0.07333333333333333,0.84,9,50,50,0,small_random,1,0.0
cartpole,gap,piecewise,0,kh_dual_control,fixed_jumps,0.005,0.995,17;33,piecewise,0.65,1.25,0.6,0.2443788043182141,3,2,17,33,1;1;1;1;1;1;1;1;1;1;1;1;1;1;1;1;1;0.65;0.65;0.65;0.65;0.65;0.65;0.65;0.65;0.65;0.65;0.65;0.65;0.65;0.65;0.65;0.65;1.25;1.25;1.25;1.25;1.25;1.25;1.25;1.25;1.25;1.25;1.25;1.25;1.25;1.25;1.25;1.25;1.25,24.88703723208421,-24.88703723208421,19.714261819538546,-19.714261819538546,0.005597782222863125,0.005597782222863125,0.07803492654154888,0.0,0.07803492654154888,0.0,0.0,5.0891427037812615,0,0,0,0.23979371191496926,0.0,49,50,50,20,small_random,1,24.178718371636926
cartpole,gap,piecewise,0,arcari_dual_smpc,fixed_jumps,0.005,0.995,17;33,piecewise,0.65,1.25,0.6,0.2443788043182141,3,2,17,33,1;1;1;1;1;1;1;1;1;1;1;1;1;1;1;1;1;0.65;0.65;0.65;0.65;0.65;0.65;0.65;0.65;0.65;0.65;0.65;0.65;0.65;0.65;0.65;0.65;1.25;1.25;1.25;1.25;1.25;1.25;1.25;1.25;1.25;1.25;1.25;1.25;1.25;1.25;1.25;1.25;1.25,0.6667229377957311,-0.6667229377957311,0.5677126821756926,-0.5677126821756926,0.0020054266804388574,0.0020054266804388574,0.01511172901960969,0.0,0.01511172901960969,0.0,0.0,0.08189309991998985,0,0,0,0.09429195036252296,0.0,50,50,50,20,small_random,1,-0.04159592265155421
cartpole,gap,piecewise,0,tv_gp_lcb,fixed_jumps,0.005,0.995,17;33,piecewise,0.65,1.25,0.6,0.2443788043182141,3,2,17,33,1;1;1;1;1;1;1;1;1;1;1;1;1;1;1;1;1;0.65;0.65;0.65;0.65;0.65;0.65;0.65;0.65;0.65;0.65;0.65;0.65;0.65;0.65;0.65;0.65;1.25;1.25;1.25;1.25;1.25;1.25;1.25;1.25;1.25;1.25;1.25;1.25;1.25;1.25;1.25;1.25;1.25,2084.1763869005053,-2084.1763869005053,75.94191867425937,-75.94191867425937,0.03255555555555555,0.03255555555555555,0.587777777777778,0.0,0.587777777777778,2000.0,2000.0,7.614134892912918,20,20,1,0.7266666666666667,0.06,43,50,50,20,small_random,1,2083.468068040058
cartpole,gap,piecewise,0,oracle_trend,fixed_jumps,0.005,0.995,17;33,piecewise,0.65,1.25,0.6,0.2443788043182141,3,2,17,33,1;1;1;1;1;1;1;1;1;1;1;1;1;1;1;1;1;0.65;0.65;0.65;0.65;0.65;0.65;0.65;0.65;0.65;0.65;0.65;0.65;0.65;0.65;0.65;0.65;1.25;1.25;1.25;1.25;1.25;1.25;1.25;1.25;1.25;1.25;1.25;1.25;1.25;1.25;1.25;1.25;1.25,0.7083188604472853,-0.7083188604472853,0.5907960029720388,-0.5907960029720388,0.0036666666666666666,0.0036666666666666666,0.035555555555555556,0.0,0.035555555555555556,0.0,0.0,0.07830063525302425,0,0,0,0.13999999999999999,0.68,18,50,50,0,small_random,1,0.0
cartpole,gap,piecewise,1,kh_dual_control,fixed_jumps,0.005,0.995,17;33,piecewise,0.65,1.25,0.6,0.2443788043182141,3,2,17,33,1;1;1;1;1;1;1;1;1;1;1;1;1;1;1;1;1;0.65;0.65;0.65;0.65;0.65;0.65;0.65;0.65;0.65;0.65;0.65;0.65;0.65;0.65;0.65;0.65;1.25;1.25;1.25;1.25;1.25;1.25;1.25;1.25;1.25;1.25;1.25;1.25;1.25;1.25;1.25;1.25;1.25,1.0101846792920774,-1.0101846792920774,0.8640492476489702,-0.8640492476489702,0.00047431892963839154,0.00047431892963839154,0.007781393965657923,0.0,0.007781393965657923,0.0,0.0,0.13787971874781094,0,0,0,0.07805836776895642,0.0,50,50,50,20,small_random,1,0.006371062610018408
cartpole,gap,piecewise,1,arcari_dual_smpc,fixed_jumps,0.005,0.995,17;33,piecewise,0.65,1.25,0.6,0.2443788043182141,3,2,17,33,1;1;1;1;1;1;1;1;1;1;1;1;1;1;1;1;1;0.65;0.65;0.65;0.65;0.65;0.65;0.65;0.65;0.65;0.65;0.65;0.65;0.65;0.65;0.65;0.65;1.25;1.25;1.25;1.25;1.25;1.25;1.25;1.25;1.25;1.25;1.25;1.25;1.25;1.25;1.25;1.25;1.25,1.005866252903762,-1.005866252903762,0.7498555779492515,-0.7498555779492515,0.001978777204589842,0.001978777204589842,0.01572140710932924,0.0,0.01572140710932924,0.0,0.0,0.23831049064059134,0,0,0,0.09940565282177077,0.0,50,50,50,20,small_random,1,0.0020526362217030414
cartpole,gap,piecewise,1,tv_gp_lcb,fixed_jumps,0.005,0.995,17;33,piecewise,0.65,1.25,0.6,0.2443788043182141,3,2,17,33,1;1;1;1;1;1;1;1;1;1;1;1;1;1;1;1;1;0.65;0.65;0.65;0.65;0.65;0.65;0.65;0.65;0.65;0.65;0.65;0.65;0.65;0.65;0.65;0.65;1.25;1.25;1.25;1.25;1.25;1.25;1.25;1.25;1.25;1.25;1.25;1.25;1.25;1.25;1.25;1.25;1.25,1879.3810959306074,-1879.3810959306074,71.00068506870834,-71.00068506870834,0.03933333333333333,0.03933333333333333,0.6766666666666667,0.0,0.6766666666666667,1800.0,1800.0,7.664410861899355,18,18,1,0.8266666666666667,0.06,34,50,50,20,small_random,1,1878.3772823139254
cartpole,gap,piecewise,1,oracle_trend,fixed_jumps,0.005,0.995,17;33,piecewise,0.65,1.25,0.6,0.2443788043182141,3,2,17,33,1;1;1;1;1;1;1;1;1;1;1;1;1;1;1;1;1;0.65;0.65;0.65;0.65;0.65;0.65;0.65;0.65;0.65;0.65;0.65;0.65;0.65;0.65;0.65;0.65;1.25;1.25;1.25;1.25;1.25;1.25;1.25;1.25;1.25;1.25;1.25;1.25;1.25;1.25;1.25;1.25;1.25,1.003813616682059,-1.003813616682059,0.7457449549425522,-0.7457449549425522,0.002111111111111111,0.002111111111111111,0.02222222222222222,0.0,0.02222222222222222,0.0,0.0,0.23373532840617323,0,0,0,0.07333333333333333,0.84,9,50,50,0,small_random,1,0.0
cartpole,gap,drifting,0,kh_dual_control,ou,0.02,0.995,200;400,nontrivial_ou_drift,0.8983338433867053,1.111221562693478,0.21288771930677275,0.05052827340220674,50,49,1,49,1;1.00251460442;0.999859934134;1.01266908747;1.01470374438;1.00391683819;1.0111291551;1.03715351023;1.05590936194;1.04155511041;1.01603890544;1.00349322166;1.00430227514;0.957780148272;0.953615414252;0.928929118236;0.91463912555;0.904180750265;0.898333843387;0.907074784897;0.928389678362;0.926177036711;0.953875420938;0.940802150364;0.948128341014;0.966457102942;0.968505063382;0.953792553078;0.935589082788;0.926756620861;0.931526740226;0.911676742854;0.907934847642;0.905210673206;0.916501531533;0.921212206326;0.928713599475;0.915993459289;0.913821219319;0.929931622624;0.960150587415;0.935168523836;0.965771156711;0.992859809403;1.00852173837;1.01376824229;1.00742094478;1.03654425373;1.07556669879;1.11122156269,1.6737471923177556,-1.6737471923177556,1.6292356011530729,-1.6292356011530729,0.0003138272592459676,0.0003138272592459676,0.0016399556629385118,0.0,0.0016399556629385118,0.0,0.0,0.04255780824249854,0,0,0,0.06315707135009058,0.0,50,50,50,20,small_random,1,0.7349326774853622
cartpole,gap,drifting,0,arcari_dual_smpc,ou,0.02,0.995,200;400,nontrivial_ou_drift,0.8983338433867053,1.111221562693478,0.21288771930677275,0.05052827340220674,50,49,1,49,1;1.00251460442;0.999859934134;1.01266908747;1.01470374438;1.00391683819;1.0111291551;1.03715351023;1.05590936194;1.04155511041;1.01603890544;1.00349322166;1.00430227514;0.957780148272;0.953615414252;0.928929118236;0.91463912555;0.904180750265;0.898333843387;0.907074784897;0.928389678362;0.926177036711;0.953875420938;0.940802150364;0.948128341014;0.966457102942;0.968505063382;0.953792553078;0.935589082788;0.926756620861;0.931526740226;0.911676742854;0.907934847642;0.905210673206;0.916501531533;0.921212206326;0.928713599475;0.915993459289;0.913821219319;0.929931622624;0.960150587415;0.935168523836;0.965771156711;0.992859809403;1.00852173837;1.01376824229;1.00742094478;1.03654425373;1.07556669879;1.11122156269,0.9474036627519962,-0.9474036627519962,0.7034740219599809,-0.7034740219599809,0.0018910168038217764,0.0018910168038217764,0.014399974728967063,0.0,0.014399974728967063,0.0,0.0,0.22763864925922656,0,0,0,0.0875135049406092,0.0,50,50,50,20,small_random,1,0.008589147919602746
cartpole,gap,drifting,0,tv_gp_lcb,ou,0.02,0.995,200;400,nontrivial_ou_drift,0.8983338433867053,1.111221562693478,0.21288771930677275,0.05052827340220674,50,49,1,49,1;1.00251460442;0.999859934134;1.01266908747;1.01470374438;1.00391683819;1.0111291551;1.03715351023;1.05590936194;1.04155511041;1.01603890544;1.00349322166;1.00430227514;0.957780148272;0.953615414252;0.928929118236;0.91463912555;0.904180750265;0.898333843387;0.907074784897;0.928389678362;0.926177036711;0.953875420938;0.940802150364;0.948128341014;0.966457102942;0.968505063382;0.953792553078;0.935589082788;0.926756620861;0.931526740226;0.911676742854;0.907934847642;0.905210673206;0.916501531533;0.921212206326;0.928713599475;0.915993459289;0.913821219319;0.929931622624;0.960150587415;0.935168523836;0.965771156711;0.992859809403;1.00852173837;1.01376824229;1.00742094478;1.03654425373;1.07556669879;1.11122156269,4.249139606735891,-4.249139606735891,2.7132082125997443,-2.7132082125997443,0.035666666666666666,0.035666666666666666,0.7611111111111111,0.0,0.7611111111111111,0.0,0.0,0.7391536163583691,0,0,0,0.7533333333333333,0.14,40,50,50,20,small_random,1,3.310325091903498
cartpole,gap,drifting,0,oracle_trend,ou,0.02,0.995,200;400,nontrivial_ou_drift,0.8983338433867053,1.111221562693478,0.21288771930677275,0.05052827340220674,50,49,1,49,1;1.00251460442;0.999859934134;1.01266908747;1.01470374438;1.00391683819;1.0111291551;1.03715351023;1.05590936194;1.04155511041;1.01603890544;1.00349322166;1.00430227514;0.957780148272;0.953615414252;0.928929118236;0.91463912555;0.904180750265;0.898333843387;0.907074784897;0.928389678362;0.926177036711;0.953875420938;0.940802150364;0.948128341014;0.966457102942;0.968505063382;0.953792553078;0.935589082788;0.926756620861;0.931526740226;0.911676742854;0.907934847642;0.905210673206;0.916501531533;0.921212206326;0.928713599475;0.915993459289;0.913821219319;0.929931622624;0.960150587415;0.935168523836;0.965771156711;0.992859809403;1.00852173837;1.01376824229;1.00742094478;1.03654425373;1.07556669879;1.11122156269,0.9388145148323934,-0.9388145148323934,0.6934896303010096,-0.6934896303010096,0.002222222222222222,0.002222222222222222,0.024444444444444442,0.0,0.024444444444444442,0.0,0.0,0.2186582178647172,0,0,0,0.08,0.82,11,50,50,0,small_random,1,0.0
cartpole,gap,drifting,1,kh_dual_control,ou,0.02,0.995,200;400,nontrivial_ou_drift,0.9333453081832594,1.0550190716887387,0.1216737635054792,0.03571428069989954,50,49,1,49,1;1.00691168384;1.02330948829;1.02980168237;1.00358952933;1.02167869902;1.03049779697;1.01960624328;1.03113057414;1.0382663692;1.04395768728;1.04430634367;1.05501907169;1.04001489459;1.03655662116;1.0267314518;1.03857471879;1.03917628735;1.03313127089;1.01732744529;1.01209696325;1.01219932205;1.00662626733;1.03247441228;1.05244652652;0.997961044313;0.960190974172;0.95689457746;0.948666296341;0.95319582481;0.957776284306;1.00034417799;0.978102041842;0.97065943149;1.01166156648;1.02453731857;1.03767589943;1.0272073925;0.994109852118;0.997488597742;0.99968143651;0.975135988242;0.961595775065;0.960346922596;0.941650155521;0.939976505387;0.942186283409;0.943187076733;0.933345308183;0.945553543078,1.1555771428490769,-1.1555771428490769,0.9892514875956653,-0.9892514875956653,0.0007170010368414405,0.0007170010368414405,0.01195041379879187,0.0,0.01195041379879187,0.0,0.0,0.1536582404177782,0,0,0,0.08268754889681931,0.0,50,50,50,20,small_random,1,-0.0012929993379562355
cartpole,gap,drifting,1,arcari_dual_smpc,ou,0.02,0.995,200;400,nontrivial_ou_drift,0.9333453081832594,1.0550190716887387,0.1216737635054792,0.03571428069989954,50,49,1,49,1;1.00691168384;1.02330948829;1.02980168237;1.00358952933;1.02167869902;1.03049779697;1.01960624328;1.03113057414;1.0382663692;1.04395768728;1.04430634367;1.05501907169;1.04001489459;1.03655662116;1.0267314518;1.03857471879;1.03917628735;1.03313127089;1.01732744529;1.01209696325;1.01219932205;1.00662626733;1.03247441228;1.05244652652;0.997961044313;0.960190974172;0.95689457746;0.948666296341;0.95319582481;0.957776284306;1.00034417799;0.978102041842;0.97065943149;1.01166156648;1.02453731857;1.03767589943;1.0272073925;0.994109852118;0.997488597742;0.99968143651;0.975135988242;0.961595775065;0.960346922596;0.941650155521;0.939976505387;0.942186283409;0.943187076733;0.933345308183;0.945553543078,1.117587764989443,-1.117587764989443,0.8165647194864889,-0.8165647194864889,0.001954935066066921,0.001954935066066921,0.013990735352935824,0.0,0.013990735352935824,0.0,0.0,0.28507737508395153,0,0,0,0.09834663739263964,0.0,50,50,50,20,small_random,1,-0.03928237719759009
cartpole,gap,drifting,1,tv_gp_lcb,ou,0.02,0.995,200;400,nontrivial_ou_drift,0.9333453081832594,1.0550190716887387,0.1216737635054792,0.03571428069989954,50,49,1,49,1;1.00691168384;1.02330948829;1.02980168237;1.00358952933;1.02167869902;1.03049779697;1.01960624328;1.03113057414;1.0382663692;1.04395768728;1.04430634367;1.05501907169;1.04001489459;1.03655662116;1.0267314518;1.03857471879;1.03917628735;1.03313127089;1.01732744529;1.01209696325;1.01219932205;1.00662626733;1.03247441228;1.05244652652;0.997961044313;0.960190974172;0.95689457746;0.948666296341;0.95319582481;0.957776284306;1.00034417799;0.978102041842;0.97065943149;1.01166156648;1.02453731857;1.03767589943;1.0272073925;0.994109852118;0.997488597742;0.99968143651;0.975135988242;0.961595775065;0.960346922596;0.941650155521;0.939976505387;0.942186283409;0.943187076733;0.933345308183;0.945553543078,2694.718019555309,-2694.718019555309,86.8174148866379,-86.8174148866379,0.04077777777777778,0.04077777777777778,0.8588888888888889,0.0,0.8588888888888889,2600.0,2600.0,7.000938002004609,26,26,1,0.8333333333333333,0.12,36,50,50,20,small_random,1,2693.561149413122
cartpole,gap,drifting,1,oracle_trend,ou,0.02,0.995,200;400,nontrivial_ou_drift,0.9333453081832594,1.0550190716887387,0.1216737635054792,0.03571428069989954,50,49,1,49,1;1.00691168384;1.02330948829;1.02980168237;1.00358952933;1.02167869902;1.03049779697;1.01960624328;1.03113057414;1.0382663692;1.04395768728;1.04430634367;1.05501907169;1.04001489459;1.03655662116;1.0267314518;1.03857471879;1.03917628735;1.03313127089;1.01732744529;1.01209696325;1.01219932205;1.00662626733;1.03247441228;1.05244652652;0.997961044313;0.960190974172;0.95689457746;0.948666296341;0.95319582481;0.957776284306;1.00034417799;0.978102041842;0.97065943149;1.01166156648;1.02453731857;1.03767589943;1.0272073925;0.994109852118;0.997488597742;0.99968143651;0.975135988242;0.961595775065;0.960346922596;0.941650155521;0.939976505387;0.942186283409;0.943187076733;0.933345308183;0.945553543078,1.156870142187033,-1.156870142187033,0.8340871113442911,-0.8340871113442911,0.003,0.003,0.026666666666666665,0.0,0.026666666666666665,0.0,0.0,0.29311636417607534,0,0,0,0.1,0.8,10,50,50,0,small_random,1,0.0
