environment,twin_gap,regime,seed,baseline,acc_task_reward,acc_energy_cost,acc_switch_cost,acc_failure_cost,terminal_cost,total_cost,net_reward,mean_abs_action,frac_zero_action,action_changes,physical_transitions,observed_transitions,observation_interval
scalar,no_gap,static,0,kh_dual_control,-8.835677366452948,0.36,0.0,0.0,0.40910516174268763,9.604782528195635,-9.604782528195635,0.11999999999999997,0.8,17.0,50,50,1
scalar,no_gap,static,0,arcari_dual_smpc,-18.689655012664122,0.36,0.0,0.0,0.40910516174268763,19.4587601744068,-19.4587601744068,0.11999999999999997,0.8,15.0,50,50,1
scalar,no_gap,static,0,tv_gp_lcb,-11707.033721812531,31.428000000000004,0.0,0.0,347.43518362983014,12085.89690544236,-12085.89690544236,2.2680000000000002,0.06,38.0,50,50,1
scalar,no_gap,static,1,kh_dual_control,-10.69653673299058,0.2879999999999999,0.0,0.0,0.184517934997107,11.169054667987686,-11.169054667987686,0.09599999999999997,0.84,12.0,50,50,1
scalar,no_gap,static,1,arcari_dual_smpc,-13.764660982813867,0.2879999999999999,0.0,0.0,0.184517934997107,14.23717891781097,-14.23717891781097,0.09599999999999997,0.84,12.0,50,50,1
scalar,no_gap,static,1,tv_gp_lcb,-13287.660650067877,30.132000000000005,0.0,0.0,308.72051962420244,13626.51316969208,-13626.51316969208,2.1959999999999997,0.08,40.0,50,50,1
scalar,no_gap,static,2,kh_dual_control,-8.685491429541177,0.17999999999999997,0.0,0.0,0.02164802079430936,8.887139450335487,-8.887139450335487,0.05999999999999999,0.9,10.0,50,50,1
scalar,no_gap,static,2,arcari_dual_smpc,-32.67829871684369,0.10799999999999998,0.0,0.0,0.021648020794309622,32.807946737638005,-32.807946737638005,0.036,0.94,6.0,50,50,1
scalar,no_gap,static,2,tv_gp_lcb,-5999.848305270788,28.908,0.0,0.0,583.0840158892989,6611.840321160087,-6611.840321160087,2.1719999999999997,0.04,40.0,50,50,1
scalar,no_gap,piecewise,0,kh_dual_control,-10.52451719777498,0.43199999999999994,0.0,0.0,0.0401548332319375,10.99667203100692,-10.99667203100692,0.144,0.76,20.0,50,50,1
scalar,no_gap,piecewise,0,arcari_dual_smpc,-21.391617036073598,0.5039999999999999,0.0,0.0,0.04015483323193786,21.935771869305533,-21.935771869305533,0.16799999999999998,0.72,21.0,50,50,1
scalar,no_gap,piecewise,0,tv_gp_lcb,-13460.164909453837,29.196000000000005,0.0,0.0,231.05175610982548,13720.412665563661,-13720.412665563661,2.148,0.08,39.0,50,50,1
scalar,no_gap,piecewise,1,kh_dual_control,-10.636950023036572,0.3599999999999999,0.0,0.0,0.30201125706906956,11.29896128010564,-11.29896128010564,0.11999999999999998,0.8,15.0,50,50,1
scalar,no_gap,piecewise,1,arcari_dual_smpc,-13.705074272859857,0.3599999999999999,0.0,0.0,0.30201125706906956,14.367085529928929,-14.367085529928929,0.11999999999999998,0.8,15.0,50,50,1
scalar,no_gap,piecewise,1,tv_gp_lcb,-5101.020369462176,28.692,0.0,0.0,7.898598239054099,5137.610967701229,-5137.610967701229,2.124,0.08,39.0,50,50,1
scalar,no_gap,piecewise,2,kh_dual_control,-13.354039450251584,0.35999999999999993,0.0,0.0,0.751919056849449,14.465958507101035,-14.465958507101035,0.11999999999999997,0.8,19.0,50,50,1
scalar,no_gap,piecewise,2,arcari_dual_smpc,-37.288170125892385,0.25199999999999995,0.0,0.0,0.3932953781644037,37.93346550405679,-37.93346550405679,0.08399999999999999,0.86,11.0,50,50,1
scalar,no_gap,piecewise,2,tv_gp_lcb,-5176.064401175582,30.060000000000002,0.0,0.0,594.7322395679842,5800.856640743565,-5800.856640743565,2.2439999999999998,0.04,43.0,50,50,1
scalar,no_gap,drifting,0,kh_dual_control,-12.147203085403126,0.5759999999999997,0.0,0.0,0.1118745957452252,12.835077681148352,-12.835077681148352,0.19199999999999995,0.68,27.0,50,50,1
scalar,no_gap,drifting,0,arcari_dual_smpc,-15.673811372890547,0.35999999999999993,0.0,0.0,0.0146900782853533,16.048501451175905,-16.048501451175905,0.11999999999999997,0.8,17.0,50,50,1
scalar,no_gap,drifting,0,tv_gp_lcb,-8039.92056471744,28.332000000000004,0.0,0.0,68.38862742612295,8136.641192143565,-8136.641192143565,2.124,0.06,41.0,50,50,1
scalar,no_gap,drifting,1,kh_dual_control,-9.031941875155626,0.21599999999999991,0.0,0.0,0.30703237257141774,9.554974247727044,-9.554974247727044,0.07199999999999998,0.88,11.0,50,50,1
scalar,no_gap,drifting,1,arcari_dual_smpc,-11.156977085261271,0.14399999999999996,0.0,0.0,0.33782079045684266,11.638797875718115,-11.638797875718115,0.04799999999999999,0.92,8.0,50,50,1
scalar,no_gap,drifting,1,tv_gp_lcb,-13247.20809113818,28.080000000000005,0.0,0.0,0.0004821749395507172,13275.288573313113,-13275.288573313113,2.112,0.06,41.0,50,50,1
scalar,no_gap,drifting,2,kh_dual_control,-15.00326402867719,0.46799999999999986,0.0,0.0,0.01206313789337967,15.48332716657057,-15.48332716657057,0.15599999999999997,0.74,23.0,50,50,1
scalar,no_gap,drifting,2,arcari_dual_smpc,-16.824583425638696,0.46799999999999986,0.0,0.0,0.013341155215822825,17.305924580854526,-17.305924580854526,0.15599999999999997,0.74,21.0,50,50,1
scalar,no_gap,drifting,2,tv_gp_lcb,-4959.9706721532175,26.712000000000003,0.0,0.0,324.82803649168136,5311.510708644899,-5311.510708644899,2.0879999999999996,0.04,44.0,50,50,1
scalar,gap,static,0,kh_dual_control,-8.723163936214773,0.288,0.0,0.0,0.860466417232089,9.871630353446864,-9.871630353446864,0.09599999999999997,0.84,14.0,50,50,1
scalar,gap,static,0,arcari_dual_smpc,-18.08424790787522,0.324,0.0,0.0,0.055878676295761966,18.46412658417098,-18.46412658417098,0.10799999999999997,0.82,11.0,50,50,1
scalar,gap,static,0,tv_gp_lcb,-87411.79980480153,31.824000000000005,0.0,0.0,3753.230313442257,91196.85411824378,-91196.85411824378,2.328,0.02,42.0,50,50,1
scalar,gap,static,1,kh_dual_control,-14.956612080160948,0.3599999999999999,0.0,0.0,0.6233979012129919,15.940009981373938,-15.940009981373938,0.11999999999999997,0.8,18.0,50,50,1
scalar,gap,static,1,arcari_dual_smpc,-16.26196896656098,0.6119999999999998,0.0,0.0,0.025104656844492614,16.89907362340547,-16.89907362340547,0.20399999999999996,0.66,28.0,50,50,1
scalar,gap,static,1,tv_gp_lcb,-26670.312500712695,27.792000000000005,0.0,0.0,666.7527288854228,27364.857229598118,-27364.857229598118,2.064,0.14,40.0,50,50,1
scalar,gap,static,2,kh_dual_control,-11.913938306858416,0.3959999999999999,0.0,0.0,0.29499309062463563,12.604931397483057,-12.604931397483057,0.13199999999999995,0.78,18.0,50,50,1
scalar,gap,static,2,arcari_dual_smpc,-33.26648497256342,0.10799999999999998,0.0,0.0,0.0650926762025814,33.439577648766004,-33.439577648766004,0.036,0.94,6.0,50,50,1
scalar,gap,static,2,tv_gp_lcb,-104888.07979321099,32.328,0.0,0.0,6284.546658883252,111204.95445209423,-111204.95445209423,2.352,0.06,40.0,50,50,1
scalar,gap,piecewise,0,kh_dual_control,-7.187544887320279,0.2879999999999999,0.0,0.0,0.47281203765758895,7.948356924977868,-7.948356924977868,0.09599999999999997,0.84,15.0,50,50,1
scalar,gap,piecewise,0,arcari_dual_smpc,-16.69561431844214,0.2879999999999999,0.0,0.0,0.47281203765758895,17.45642635609973,-17.45642635609973,0.09599999999999997,0.84,13.0,50,50,1
scalar,gap,piecewise,0,tv_gp_lcb,-95182.48763168721,31.067999999999998,0.0,0.0,6840.549296257246,102054.10492794444,-102054.10492794444,2.268,0.08,41.0,50,50,1
scalar,gap,piecewise,1,kh_dual_control,-12.060851331048884,0.5399999999999998,0.0,0.0,0.05310466360131516,12.653955994650198,-12.653955994650198,0.17999999999999997,0.7,19.0,50,50,1
scalar,gap,piecewise,1,arcari_dual_smpc,-14.626457251691331,0.4319999999999999,0.0,0.0,0.009691317880472889,15.068148569571806,-15.068148569571806,0.14399999999999996,0.76,20.0,50,50,1
scalar,gap,piecewise,1,tv_gp_lcb,-16398.782692974073,26.496000000000002,0.0,0.0,150.93487415570647,16576.213567129784,-16576.213567129784,1.992,0.14,45.0,50,50,1
scalar,gap,piecewise,2,kh_dual_control,-10.507148250838991,0.3239999999999999,0.0,0.0,0.016606790306504682,10.847755041145497,-10.847755041145497,0.10799999999999997,0.82,15.0,50,50,1
scalar,gap,piecewise,2,arcari_dual_smpc,-36.86216609989765,0.43199999999999994,0.0,0.0,0.06805176702972945,37.36221786692738,-37.36221786692738,0.144,0.76,15.0,50,50,1
scalar,gap,piecewise,2,tv_gp_lcb,-43761.56781885,33.30000000000001,0.0,0.0,1915.5619016217956,45710.429720471795,-45710.429720471795,2.412,0.04,37.0,50,50,1
scalar,gap,drifting,0,kh_dual_control,-9.690885321334136,0.3959999999999999,0.0,0.0,0.31567894438315525,10.402564265717292,-10.402564265717292,0.132,0.78,19.0,50,50,1
scalar,gap,drifting,0,arcari_dual_smpc,-13.341406716364391,0.32399999999999995,0.0,0.0,0.6115649159657062,14.276971632330099,-14.276971632330099,0.10799999999999998,0.82,16.0,50,50,1
scalar,gap,drifting,0,tv_gp_lcb,-19474.348918577347,28.008,0.0,0.0,2476.1411532193265,21978.498071796672,-21978.498071796672,2.112,0.06,43.0,50,50,1
scalar,gap,drifting,1,kh_dual_control,-12.687152912117533,0.4319999999999999,0.0,0.0,0.00010736371142832262,13.119260275828962,-13.119260275828962,0.14399999999999996,0.76,21.0,50,50,1
scalar,gap,drifting,1,arcari_dual_smpc,-13.259105465124431,0.21599999999999991,0.0,0.0,0.13229393976860154,13.607399404893034,-13.607399404893034,0.07199999999999998,0.88,11.0,50,50,1
scalar,gap,drifting,1,tv_gp_lcb,-3049.7069670980795,26.100000000000005,0.0,0.0,43.3768974632804,3119.18386456136,-3119.18386456136,1.9560000000000002,0.14,43.0,50,50,1
scalar,gap,drifting,2,kh_dual_control,-12.140599216976726,0.4679999999999999,0.0,0.0,0.12363259523743139,12.732231812214158,-12.732231812214158,0.15599999999999997,0.74,20.0,50,50,1
scalar,gap,drifting,2,arcari_dual_smpc,-13.943866805810735,0.4679999999999999,0.0,0.0,0.11967633028469553,14.53154313609543,-14.53154313609543,0.15599999999999997,0.74,18.0,50,50,1
scalar,gap,drifting,2,tv_gp_lcb,-92967.08057839215,31.212000000000007,0.0,0.0,4742.179370768703,97740.47194916087,-97740.47194916087,2.292,0.04,40.0,50,50,1
