u0,ce_cost,cautious_cost,bayes_dual_cost
-3.0,16.25,190.45850247958535,110.70635713887785
-2.97,15.892250000000006,186.61835303120301,108.48304294860182
-2.94,15.539000000000001,182.8179559347537,106.28612273953652
-2.91,15.190250000000002,179.05731119016357,104.11464714838375
-2.88,14.845999999999998,175.3364187973554,101.96693987545682
-2.85,14.506250000000001,171.65527875624915,99.8421601452044
-2.82,14.171,168.01389090506697,97.74030799451478
-2.79,13.840250000000001,164.41225452963545,95.66138346243639
-2.76,13.514,160.8503695453115,93.60538659032572
-2.73,13.192250000000001,157.3282359520448,91.5723174220073
-2.7,12.875000000000002,153.84585374978266,89.5621760039467
-2.67,12.56225,150.40322293846998,87.57496238543683
-2.64,12.254000000000001,147.00034351804928,85.61067661880058
-2.61,11.95025,143.63721548846024,83.66931875960915
-2.58,11.651000000000002,140.31383884923656,81.7508888669194
-2.55,11.35625,137.03021292014512,79.85538700353077
-2.52,11.066,133.7863370845004,77.9828132362648
-2.49,10.780250000000002,130.58221134229777,76.13316763626825
-2.46,10.499,127.41783569353238,74.30645027934285
-2.43,10.222250000000003,124.29321013819924,72.50266124630473
-2.4,9.95,121.20833467629294,70.72180062337527
-2.37,9.682250000000002,118.163209307808,68.96386850260818
-2.34,9.418999999999999,115.15783402059277,67.22886498235499
-2.31,9.160250000000001,112.19220878762223,65.51679016777442
-2.2800000000000002,8.906000000000004,109.2663336079011,63.82764417138907
-2.25,8.65625,106.38020848142571,62.16142711369548
-2.2199999999999998,8.410999999999998,103.53383340819242,60.51813912383284
-2.19,8.17025,100.72720838481891,58.897780340316885
-2.16,7.934000000000001,97.96033337348629,57.30035091184623
-2.13,7.702249999999999,95.23320836364086,55.72585099818994
-2.1,7.4750000000000005,92.54583335528245,54.17428077116462
-2.0700000000000003,7.252250000000003,89.89820834841109,52.64564041571237
-2.04,7.034000000000001,87.29033334302639,51.139930131090864
-2.01,6.820249999999999,84.72220833912837,49.65715013218963
-1.98,6.611000000000001,82.19383333648926,48.19730065098705
-1.95,6.40625,79.70520833468633,46.76038193816594
-1.92,6.2059999999999995,77.25633333371007,45.346394264907524
-1.8900000000000001,6.010250000000001,74.84720833350147,43.95533792488599
-1.86,5.819000000000001,72.4778333334576,42.58721323648965
-1.83,5.632250000000001,70.14820833342058,41.24202054529872
-1.8,5.450000000000001,67.85833333339029,39.91976022685255
-1.77,5.2722500000000005,65.60820833336687,38.62043268974678
-1.74,5.099,63.39783333335021,37.344038379104056
-1.71,4.93025,61.22720833334031,36.090577780471385
-1.6800000000000002,4.766000000000001,59.096333333335025,34.86005142420356
-1.6500000000000001,4.606250000000001,57.00520833333345,33.652459890402824
-1.62,4.4510000000000005,54.95383333333343,32.46780381449582
-1.59,4.30025,52.94220833333342,31.30608389354235
-1.56,4.154,50.970333333333365,30.16730089338661
-1.53,4.01225,49.03820833333337,29.051455656780288
-1.5,3.875,47.14583333333334,27.958549112629427
-1.47,3.74225,45.29320833333334,26.88858228654432
-1.44,3.614,43.480333333333334,25.84155631290359
-1.4100000000000001,3.4902500000000005,41.70720833333336,24.817472448682928
-1.3800000000000001,3.3710000000000004,39.97383333333336,23.81633208934565
-1.35,3.2562500000000005,38.280208333333334,22.83813678714926
-1.32,3.146,36.62633333333335,21.882888272291346
-1.29,3.0402500000000003,35.01220833333334,20.95058847740168
-1.26,2.939,33.43783333333334,20.041239565991553
-1.23,2.8422500000000004,31.903208333333346,19.154843965596264
-1.2000000000000002,2.7500000000000004,30.40833333333335,18.29140440650333
-1.1700000000000002,2.6622500000000007,28.95320833333335,17.450923967151446
-1.1400000000000001,2.5790000000000006,27.53783333333335,16.63340612752398
-1.11,2.5002500000000003,26.162208333333346,15.838854832159274
-1.08,2.426,24.82633333333334,15.067274564773566
-1.05,2.35625,23.530208333333345,14.318670436961938
-1.02,2.291,22.273833333333336,13.593048294036347
-0.9900000000000002,2.2302500000000007,21.057208333333353,12.89041484181293
-0.96,2.174,19.880333333333343,12.21077779912168
-0.9300000000000002,2.1222500000000006,18.743208333333342,11.554146082042609
-0.8999999999999999,2.0749999999999997,17.645833333333332,10.920530027457433
-0.8700000000000001,2.0322500000000003,16.588208333333338,10.309941665558107
-0.8399999999999999,1.994,15.570333333333336,9.722395053621739
-0.81,1.9602500000000003,14.592208333333343,9.157906686851444
-0.7800000000000002,1.9310000000000005,13.653833333333345,8.616496006668363
-0.75,1.90625,12.755208333333337,8.09818603289893
-0.7200000000000002,1.8860000000000001,11.896333333333342,7.603004154345408
-0.69,1.8702500000000002,11.077208333333337,7.130983122962319
-0.6600000000000001,1.859,10.297833333333337,6.682162311254947
-0.6299999999999999,1.8522500000000002,9.558208333333333,6.256589311904775
-0.6000000000000001,1.85,8.858333333333338,5.8543219848586885
-0.5700000000000003,1.8522500000000002,8.19820833333334,5.475431092752037
-0.54,1.8590000000000002,7.577833333333336,5.120003714129111
-0.5100000000000002,1.87025,6.997208333333339,4.788147690452636
-0.48,1.8860000000000001,6.456333333333333,4.479997454410292
-0.4500000000000002,1.90625,5.9552083333333385,4.195721713804504
-0.41999999999999993,1.9310000000000003,5.493833333333335,3.9355336431110137
-0.3900000000000001,1.9602500000000003,5.072208333333335,3.699704489914166
-0.3600000000000003,1.9939999999999998,4.690333333333339,3.4885818849781307
-0.33000000000000007,2.0322500000000003,4.348208333333335,3.3026147555074914
-0.30000000000000027,2.0749999999999997,4.045833333333337,3.1423878156288314
-0.27,2.12225,3.7832083333333335,3.0086707019763352
-0.2400000000000002,2.174,3.560333333333336,2.9024912331267663
-0.20999999999999996,2.2302500000000007,3.377208333333333,2.8252517628169063
-0.18000000000000016,2.2910000000000004,3.2338333333333344,2.7789264933856925
-0.1499999999999999,2.3562500000000006,3.130208333333334,2.766403754882771
-0.1200000000000001,2.426,3.0663333333333336,2.7920040483893933
-0.0900000000000003,2.5002499999999994,3.042208333333334,2.8616826737527594
-0.06000000000000005,2.5789999999999997,3.057833333333334,2.979455730504479
-0.03000000000000025,2.6622500000000002,3.113208333333333,3.1253821910846953
0.0,2.75,3.208333333333334,3.208333333333334
0.029999999999999805,2.842249999999999,3.343208333333333,3.205685511162735
0.06000000000000005,2.939000000000001,3.517833333333335,3.207142372371503
0.08999999999999986,3.0402500000000003,3.7322083333333325,3.2437397747362624
0.1200000000000001,3.146000000000001,3.9863333333333344,3.3195366332012552
0.1499999999999999,3.25625,4.2802083333333325,3.4322113720518224
0.17999999999999972,3.3709999999999996,4.613833333333331,3.5787969182639263
0.20999999999999996,3.4902500000000005,4.987208333333334,3.7568570055121926
0.23999999999999977,3.614,5.400333333333331,3.9645241083622396
0.27,3.742250000000001,5.853208333333335,4.200372198125054
0.2999999999999998,3.875,6.34583333333333,4.463305221441137
0.33000000000000007,4.012250000000001,6.878208333333336,4.7524755901867435
0.3599999999999999,4.154000000000001,7.450333333333332,5.067224663232183
0.3899999999999997,4.300249999999999,8.062208333333327,5.407038347961746
0.41999999999999993,4.4510000000000005,8.713833333333334,5.771513515088811
0.44999999999999973,4.60625,9.40520833333333,6.160332445417466
0.48,4.766,10.136333333333335,6.573243354358269
0.5099999999999998,4.93025,10.907208333333333,7.01004553952596
0.54,5.099000000000001,11.717833333333338,7.470578042887471
0.5699999999999998,5.27225,12.56820833333333,7.9547109795530995
0.5999999999999996,5.449999999999998,13.458333333333327,8.462338887152415
0.6299999999999999,5.632250000000001,14.388208333333333,8.993375606116864
0.6599999999999997,5.818999999999999,15.357833333333325,9.547750321275801
0.69,6.01025,16.367208333333338,10.125404486486161
0.7199999999999998,6.2059999999999995,17.416333333333327,10.726289422908055
0.75,6.406250000000002,18.50520833333334,11.350364433241168
0.7799999999999998,6.611,19.633833333333328,11.997595312925629
0.81,6.820250000000002,20.80220833333334,12.66795316823765
0.8399999999999999,7.034,22.010333333333335,13.361413472851133
0.8699999999999997,7.2522499999999965,23.25820833333332,14.077955310659238
0.8999999999999999,7.4750000000000005,24.54583333333333,14.817560764843764
0.9299999999999997,7.702249999999999,25.87320833333333,15.58021442237943
0.96,7.933999999999999,27.24033333333334,16.365902970126744
0.9899999999999998,8.17025,28.647208333333335,17.174614863965928
1.0199999999999996,8.410999999999998,30.093833333333315,18.006340056473977
1.0499999999999998,8.65625,31.58020833333334,18.861069771754945
1.08,8.906000000000002,33.106333333333346,19.738796318431504
1.1099999999999994,9.160249999999998,34.67220833333331,20.63951293366461
1.1399999999999997,9.419,36.27783333333333,21.563213652515067
1.17,9.68225,37.923208333333335,22.509893198093593
1.2000000000000002,9.950000000000003,39.608333333333356,23.479546888836676
1.2299999999999995,10.222249999999997,41.33320833333332,24.47217055994843
1.2599999999999998,10.498999999999999,43.09783333333333,25.487760496607027
1.29,10.780250000000002,44.90220833333335,26.526313376978173
1.3200000000000003,11.066000000000006,46.746333333333375,27.58782622343518
1.3499999999999996,11.35625,48.630208333333314,28.67229636067009
1.38,11.651,50.55383333333335,29.779721379611658
1.4100000000000001,11.950250000000004,52.51720833333337,30.910099106252634
1.4399999999999995,12.254,54.520333333333326,32.06342757464156
1.4699999999999998,12.562249999999999,56.56320833333334,33.239705003417704
1.5,12.875,58.64583333333337,34.43892977536978
1.5300000000000002,13.192250000000003,60.7682083333334,35.66110041958305
1.5599999999999996,13.513999999999996,62.93033333333338,36.90621559580794
1.5899999999999999,13.840250000000001,65.13220833333492,38.17427408074108
1.62,14.171,67.37383333334016,39.46527475595605
1.6499999999999995,14.506249999999994,69.65520833334904,40.779216597262355
1.6799999999999997,14.846,71.97633333336177,42.11609866530253
1.71,15.190250000000002,74.33720833337814,43.475920097225796
1.7400000000000002,15.539000000000003,76.73783333339829,44.85868009930034
1.7699999999999996,15.892249999999994,79.17820833342206,46.26437794034478
1.7999999999999998,16.25,81.6583333334509,47.693012945877456
1.83,16.612250000000007,84.1782083339382,49.14458449289465
1.8599999999999994,16.978999999999992,86.73783333525135,50.619092005202134
1.8899999999999997,17.350249999999996,89.3372083373911,52.11653494923431
1.92,17.726,91.97633334035734,53.63691283030287
1.9500000000000002,18.106250000000006,94.6552083441503,55.18022518922609
1.9799999999999995,18.491,97.37383334876995,56.74647159929465
2.01,18.88025,100.13220835421652,58.33565166353672
2.04,19.274,102.93033336049001,59.94776501224834
2.0699999999999994,19.672249999999995,105.76820836759042,61.58281130076056
2.0999999999999996,20.075,108.64583338520853,63.24079020741793
2.13,20.48225,111.56320845153802,64.92170143174481
2.16,20.894000000000005,114.52033357095489,66.62554469278112
2.1899999999999995,21.310249999999996,117.517208743607,68.35231972756873
2.2199999999999998,21.730999999999998,120.55383396949856,70.10202628977376
2.25,22.156250000000007,123.63020924863355,71.87466414843068
2.2799999999999994,22.585999999999995,126.74633458101559,73.67023308679613
2.3099999999999996,23.020249999999997,129.9022099666484,75.4887329013019
2.34,23.459000000000003,133.09783540553533,77.33016340059658
2.37,23.902250000000006,136.3332108976796,79.19452440466846
2.3999999999999995,24.349999999999998,139.60833644308408,81.08181574404094
2.4299999999999997,24.802249999999997,142.92321204175187,82.99203725903452
2.46,25.259000000000004,146.27783795250429,84.92518879908813
2.49,25.720250000000007,149.67221512565985,86.88127022213527
2.5199999999999996,26.185999999999996,153.1063436594335,88.8602813940297
2.55,26.656250000000007,156.58022358221146,90.86222218801596
2.58,27.131000000000004,160.09385489572472,92.88709248424104
2.6099999999999994,27.610249999999994,163.64723760003884,94.93489216930328
2.6399999999999997,28.093999999999994,167.24037169521645,97.00562113583617
2.67,28.582250000000002,170.8732571813174,99.09927928212211
2.7,29.07500000000001,174.5458940583989,101.21586651173612
2.7299999999999995,29.572250000000004,178.25828232651517,103.3553827332148
2.76,30.074,182.01042198571884,105.51782785974972
2.79,30.580250000000014,185.80231303605973,107.70320180890282
2.8199999999999994,31.090999999999998,189.63395547758574,109.91150450234167
2.8499999999999996,31.60625,193.50534931034292,112.14273586559409
2.88,32.126000000000005,197.41649453437503,114.39689582781871
2.91,32.650250000000064,201.3673911497244,116.67398432159288
2.9399999999999995,33.17900000000014,205.35804196451045,118.97666293528694
2.9699999999999998,33.71225000000028,209.388458208522,121.31171934927498
3.0,34.250000000000455,213.45864105257093,123.67995821097705
